[
    {
        "startX": "500",
        "startY": "460",
        "width": "110",
        "height": "100"
    },
    {
        "startX": "190",
        "startY": "740",
        "width": "240",
        "height": "40"
    },
    {
        "startX": "820",
        "startY": "520",
        "width": "50",
        "height": "260"
    },
    {
        "startX": "520",
        "startY": "670",
        "width": "120",
        "height": "150"
    },
    {
        "startX": "320",
        "startY": "180",
        "width": "290",
        "height": "100"
    },
    {
        "startX": "100",
        "startY": "480",
        "width": "150",
        "height": "150"
    },
    {
        "startX": "240",
        "startY": "390",
        "width": "10",
        "height": "10"
    },
    {
        "startX": "430",
        "startY": "350",
        "width": "10",
        "height": "10"
    },
    {
        "startX": "740",
        "startY": "150",
        "width": "60",
        "height": "120"
    }
]